"datasetKey","count.vec"
"4fa7b334-ce0d-4e88-aaae-2e0c138d049e",196659
"7f6dd0f7-9ed4-49c0-bb71-b2a9c7fed9f1",570
"b1047888-ae52-4179-9dd5-5448ea342a24",1254
"9c2d26f1-0ce0-4cde-9f8d-de8284404fff",108
"94687f6b-6723-46a3-90d8-5a06b843291c",229
"3bef6fb2-9a1f-4d8d-b5f3-d6d23885905c",138
"4bfac3ea-8763-4f4b-a71a-76a6f5f243d3",504
"50c9509d-22c7-4a22-a47d-8c48425ef4a7",638
"821cc27a-e3bb-4bc5-ac34-89ada245069d",40
"ca2e422f-be48-42a5-bca5-a37cada435c8",60
"ad43e954-dd79-4986-ae34-9ccdbd8bf568",197
"be5507b9-7abf-4b69-afe1-5ca2b7561734",233
"7a25f7aa-03fb-4322-aaeb-66719e1a9527",703
"c9076cd3-349f-4068-a5c7-bc34449c3916",11
"830fd460-f762-11e1-a439-00145eb45e9a",20
"96c93a1e-f762-11e1-a439-00145eb45e9a",110
"e635240a-3cb1-4d26-ab87-57d8c7afdfdb",183
"36f15a36-6b45-442e-9c31-cd633423aee0",86
"8138eb72-f762-11e1-a439-00145eb45e9a",7
"e3b959d6-fcbe-4a28-a166-e4a807c340a0",113
"848586a4-a07b-4974-9f12-e1bbe0736a21",12
"854cf79e-f762-11e1-a439-00145eb45e9a",422
"f6e21753-5129-498f-92bd-73710b0087e3",170
"905589dd-1f8f-4aee-95e6-5672466e348d",30
"ba0c03ab-fa61-4a3c-8db7-35c8c3454168",1
"9f17221a-195b-4005-8773-683fcdf559e8",109
"ba0c046d-52bb-4262-a495-652988c9f3f7",10
"889c91a3-614f-4355-8df8-b6d0260a118c",32
"f5375a07-ead8-4d26-bd1b-e216187b97a4",18
"9850b85a-793f-429d-a437-2d5b46282acf",4209
"a1061ba5-2506-470f-a76c-ee978de78245",5
"6ac3f774-d9fb-4796-b3e9-92bf6c81c084",179
"7c59ec48-022f-4298-929d-20100d7913cb",3
"b90cadd7-9ef5-4640-b1fe-94d4803e7129",3
"f946666e-67dc-4848-9fa8-2162f3559e33",233
"040c5662-da76-4782-a48e-cdea1892d14c",129
"4d749d70-e2e1-11dd-8102-b8a03c50a862",121
"a4813c2b-7fb9-4713-9a21-b3be0ea9042d",1
"f2823a82-923b-43c6-ae62-dbfef95652c5",12
"0ead7539-70d6-4486-9a37-2c273413ec51",106
"db44543f-c1f5-4241-b9ab-1ed1c1b4ece1",22
"b403c612-8402-4bdd-ad60-0fc6eb465cae",2
"79684ec1-01e8-46cc-83cb-cd5bdfb469fe",192
"75018539-6328-41de-b875-7c2e61dc1635",7
"5889bb53-efcf-42a6-81ba-624d127a76c2",38
"8be43f9b-52e7-47d4-be3e-dbcc066d70ab",16
"96678e90-f762-11e1-a439-00145eb45e9a",17
"fe7657bc-aa54-4b5d-b084-f5c91275ad62",3
"eea3ca22-7cf1-42b8-9381-20defc2f109e",4
"d87e8fe8-0746-479c-bdfb-3db6857ab24b",18
"4ae715d1-e34b-4788-916e-f4360d078768",2
"f77a9a9d-b758-425e-b9a8-739c6de07e5c",9
"e42bf2ce-364f-444c-ba0e-c5947cc5f4b3",15
"5818223b-9b8e-432c-9fca-cb4c43387e6a",8
"45a34757-f7fa-4989-a9fc-e98629361c43",100
"f66b4f25-909e-4b1e-a030-f7f2dba764ae",14
"31da52cd-6114-439d-be0a-700bf52de8f3",24
"434d867c-713f-4f13-8d03-b7de4f3a0ab8",21
"da285c2a-0cf0-4637-87d8-6e2b5cd8ea01",27
"fcf330f6-0404-4563-b6c8-b6549d2d8c48",3
"d4ba9607-189b-4c35-af5c-0b6ca3a54d50",35
"bdb3951b-1b8a-446d-8820-22ce0a2ea380",10
"d2278c93-6510-46a8-9792-d794765b4167",1
"63bcf8e4-3444-4a94-a993-f653c99b1758",14
"2fb91891-0466-44c1-ae72-bad4d372a1bf",6
"43f37d70-f50e-4021-95ae-5b9526df2388",7
"a0b41a13-be91-4800-b72b-cdd9184bf2eb",51
"371b386a-d67b-4646-897e-a27cc1101067",74
"2a7258fc-e85c-4d37-b908-11d3d522f128",8
"bd87ead7-eb08-40ec-8ea3-1a61c134ec56",2
"4852540d-afd1-4678-bd20-4aac28f65e2d",2
"f11db245-3f9f-4fc6-a0cc-12b4124d081b",5
"365e1c3b-cbf4-49c4-a391-6b8a36bb7922",2
"f1caac33-15ac-4185-90df-aec093abc0cd",19
"d4f0993a-0f72-445e-8d5c-1b685e5268b1",2
"60805ee8-a17e-48ce-8726-be447e4d8e1d",4
"71d58564-f762-11e1-a439-00145eb45e9a",6
"f96a6f8c-b992-4159-8039-db8f30bac985",11
"a6f91225-b3bc-4ded-8374-c6c8c205baae",5
"8c635362-f19e-40ac-b04f-568c84d81fce",16
"ad9599c0-16f7-11df-b5b3-b8a03c50a862",1
"0abbca06-0bb5-4d03-9542-7fee04b1f759",2
"e61f1cc7-d7cd-4884-a4b8-b41de46d101c",5
"e598f892-71b7-48f3-a1b2-7e36ff2a0756",3
"5623a2e3-54ad-490a-ae30-8cb24f194c0d",2
"51d648b8-5d7a-4233-b491-d00a8d54b215",4
"fbb1a36b-20a9-484b-b78b-d5ff2161225d",2
"1beb7859-5eba-42a3-8aec-843e63d16185",46
"6fea96d6-e47f-4cd5-abcd-08235a8e26d7",17
"5980f768-4730-4688-bcb7-f5ee256bd560",4
"fd38f642-c580-42af-8ef3-1ce72c92e2a8",7
"87372877-711d-43cf-aae5-02b9eb18da41",5
"8db77d0a-f139-4f1c-b1c3-16c7fd4a17c0",4
"223fd94e-c0d3-4ff1-bdea-29648e1c797a",31
"3dc8c286-9e33-4665-8641-9858af6ba75b",33
"cfefc59d-3349-4839-b053-9b4327634a06",13
"d628bc9c-af63-49af-91b3-1a63c603feb2",2
"d9d550ed-581d-4444-9b1b-2f26c68cecaa",14
"96daa04a-747e-498a-a645-224eb3d0bda3",12
"d60abc0b-d936-40eb-a696-d54b9499e493",3
"4df57e87-369b-418b-b9a4-5b69fc64857c",4
"9cc67633-537a-4acc-8d37-92feeaddb2cd",9
"09d5405e-ca86-45f2-afa7-93cc707f54aa",2
"65fcc2fa-9c22-4e48-ab3d-9753f10b9ef1",79
"e53f6bc3-641d-4378-82d1-0a74f497f90d",1
"1cd2fdd6-24d3-4402-905f-8a72ddffd3ad",2
"a4555281-5046-424f-9cd1-e7c103234416",1
"c847fb48-d604-4a6e-91c9-4df147f43e14",112
"16a22a5e-9f2a-498b-8178-a410c99a5a8c",92
"d21209bf-b1e0-4a97-9861-9868cb461786",61
"a38c4b7c-4f02-4891-9655-607391a9288b",9
"5060bce6-8155-46e2-b1dd-20c2041f2a2a",185
"983c4ccb-377d-412f-9eb8-6d96d0c620fa",21
"86edb965-2c51-4298-b527-2fa75c2d58e4",6
"db0fb078-4134-4dbd-893a-cf7749d33929",28
"79a4574f-a80a-4bd7-9f61-a17c16ef606e",23
"f04bedf8-9c2b-4816-a1fe-c68a1d607e06",25
"19648428-6ecc-489c-8600-29608829b42d",6
"01536750-8af5-430c-b0e2-077dee7f7d5f",1
"1e28ee35-6fd8-4b6d-b7cf-6b01272c212f",33
"34ca7b9c-6a2f-465e-9cac-7d71c792c670",3
"8631295a-f762-11e1-a439-00145eb45e9a",3
"396f6ea3-e250-40b9-9810-cdf2ab2f0f79",6
"a82d2421-be5a-4779-babc-da0b634a7ba8",3
"7e380070-f762-11e1-a439-00145eb45e9a",13
"843df0c4-f762-11e1-a439-00145eb45e9a",3
"00a89e1e-8ea5-45ae-bf01-585d867e5488",153
"75d2949e-e924-4af5-9b1b-0fd5172e32a8",5
"ddbfb01d-0c39-4aa6-a343-37929a157fa7",8
"e5b03456-78b2-4ceb-8d3e-3a6860c23d03",2
"6c653621-ca42-4a8b-9ca0-0192af0dff55",4
"692abfb0-83ab-4e52-a547-50c77ccf25ef",6
"e2997269-eb19-4667-812e-b35168fa0e6d",2
"b4a929e5-35bd-46d2-9ce7-e6ce5206eaec",8
"1e4c2b5c-fdbf-4764-8357-9dcd01d336f2",16
"03d13f7f-fe29-4558-8869-9896b102f4f9",11
"43386ac1-772a-4be2-9f08-0f8aaef94f29",3
"5355d3bf-9225-455b-9a54-5b2524b15287",1
"b26543dd-d573-480b-b8b0-7f116ef52886",30
"56c3ef0a-a2f2-4f3f-8add-3bf004ce27ad",23
"2fdace5f-efaa-4f5c-8680-acb8f7797319",1
"4e56ef9f-5aef-49a8-bc3e-fe77635d0352",8
"2de3a537-f536-41c4-9884-40d6fe157e6a",4
"37ce936e-a646-4e74-bcac-fdc19c0b643e",6
"4bb3ef51-df03-42f9-8104-76e9446367b8",4
"a861c55c-c1a4-4fa9-8771-bb68d79b85f9",8
"ec0b2e5f-fd29-4c2e-a2bf-51b69e5045f5",10
"f0d35874-0237-489f-a58d-518036c0f3c7",17
"ad3a5009-4f28-4fa5-9661-bc81d2e6c01e",6
"e5e75788-55c5-4721-9fa4-a61212f06e13",2
"6c59699b-4c6f-402a-b174-0c318c104e31",2
"877ee500-8f24-4d93-b0a8-27bb7af3376a",1
"d52b82ef-d3b9-47e3-802b-5725659812a6",1
"f8999bf6-c87c-4b57-b09c-1a17b0842ebb",1
"df863040-ea71-49c2-940a-b346abe0a7b6",4
"b997a951-75c0-4ffa-b048-d02b2fa33d04",5
"a01b35da-e766-415c-b62e-dcf67becb9f9",2
"8ac9b3f9-383e-4401-bb17-fdd802057087",8
"49604496-95c1-453f-93f3-590b56e57f78",3
"53725322-b5f3-412f-87e6-5a1b4a36a702",13
"dcfda747-f43d-430c-aa48-94bf6fa32095",21
"9a29807f-4856-4513-b00a-ed7be739d777",15
"3f23233a-953f-40e2-b9fd-fae3eb326d74",1
"27465742-2f96-4cb5-83eb-c8bbb9f850ee",3
"969597cd-473c-4d18-90e8-d11b5c107d0a",17
"6fcaf879-9272-46ef-b531-880cc410598b",1
"fdbbb939-ee0b-4c6e-8eb3-15ed92177306",26
"34bcd3c8-5130-46ff-9000-1d4b44087aeb",1
"f422f6fa-2429-4a5d-be7a-9fd716495291",1
"ac2d4971-4b88-4339-ad10-0ed2b0b4d690",9
"6172cd3e-54bf-486e-a64c-dc99c12aa05b",1
"f3f10afc-257f-47ef-8b0c-4bcaebdc09dc",54
"e77cff6f-d496-4775-8c9d-6f784faaf6e5",2
"0e42cac6-39dd-4f91-a9f6-753ceb66d0ee",8
"9ce52ff6-01b6-44a2-b617-9bc2ee8e8cd1",2
"0057a720-17c9-4658-971e-9578f3577cf5",21
"84b26828-f762-11e1-a439-00145eb45e9a",2
"91aa5e23-9cad-4751-86e0-241da77d7407",1
"1ef66bdc-801a-4e64-b83a-66125d1aebab",5
"b9d58ff4-ce6b-4d56-8287-3eb8361b3dc8",1
"dd223a19-c7f6-4847-9422-614c6e8bc623",1
"b2334c74-b73f-4cfb-b088-683119fa3c6e",1
"8bc4f5d2-8e7a-430d-b219-6776c38f401a",2
"447f271e-5303-4ce7-9fe3-bef395d591ef",1
"3a5d778f-a149-4631-ae43-d60dccfed09c",1
"138c2def-70c0-416c-b341-5004318f6c66",2
"0fae5c5d-346e-4751-a18b-1247dbd69326",1
"ab47c4a9-4b6a-4d59-b846-899d9420f7d3",1
"264e6a66-9c9e-4115-9aec-29d694c68097",24
